closenessValue,betweennessValue,graphType,pivotStrategy,numberOfPivots
0.1875084027962085,0.000432690206408118,Erdos-Renyi,noPivot,10000
0.11956477968988634,0.0007671985302150939,Barabasi-Albert,noPivot,10000
0.3784056702373534,1.288336475175823e-07,Price-Network,noPivot,10000
0.0536788753370791,0.0036422728132103057,Power-grid,noPivot,4941
